-- phpMyAdmin SQL Dump
-- version 4.2.7.1
-- http://www.phpmyadmin.net
--
-- Host: 127.0.0.1
-- Generation Time: Dec 19, 2014 at 11:26 AM
-- Server version: 5.6.20
-- PHP Version: 5.5.15

SET SQL_MODE = "NO_AUTO_VALUE_ON_ZERO";
SET time_zone = "+00:00";


/*!40101 SET @OLD_CHARACTER_SET_CLIENT=@@CHARACTER_SET_CLIENT */;
/*!40101 SET @OLD_CHARACTER_SET_RESULTS=@@CHARACTER_SET_RESULTS */;
/*!40101 SET @OLD_COLLATION_CONNECTION=@@COLLATION_CONNECTION */;
/*!40101 SET NAMES utf8 */;

--
-- Database: `ahpweb`
--

-- --------------------------------------------------------

--
-- Table structure for table `alternatif`
--

CREATE TABLE IF NOT EXISTS `alternatif` (
`id_alternatif` int(11) NOT NULL,
  `nama_alternatif` varchar(255) NOT NULL,
  `website` varchar(255) NOT NULL,
  `NA` float NOT NULL
) ENGINE=InnoDB  DEFAULT CHARSET=latin1 AUTO_INCREMENT=173 ;

--
-- Dumping data for table `alternatif`
--

INSERT INTO `alternatif` (`id_alternatif`, `nama_alternatif`, `website`, `NA`) VALUES
(132, 'Bagian Pemerintahan', 'http://pemerintahan.malangkota.go.id/', 0.010293),
(133, 'Bagian Humas', 'http://humas.malangkota.go.id/', 0.007893),
(134, 'Bagian hukum', 'http://hukum.malangkota.go.id/', 0.024412),
(135, 'Bagian organisasi', 'http://organisasi.malangkota.go.id/', 0.04211),
(136, 'Bagian kesejahteraan rakyat', 'http://kesra.malangkota.go.id/', 0.008253),
(137, 'Bagian kerjasama dan penanaman modal', 'http://bkpm.malangkota.go.id/', 0.048489),
(138, 'Bagian perekonomian dan usaha daerah', 'http://bapeko.malangkota.go.id/', 0.023248),
(139, 'Bagian pembangunan', 'http://pembangunan.malangkota.go.id/', 0.009512),
(140, 'Bagian umum', 'http://umum.malangkota.go.id/', 0.009512),
(141, 'Sekretarian DPRD', 'http://setwan.malangkota.go.id/', 0.006221),
(142, 'Dinas pendidikan', 'http://diknas.malangkota.go.id/', 0.050684),
(143, 'Dinas kesehatan', 'http://dinkes.malangkota.go.id/', 0.065705),
(144, 'Dinas sosial', 'http://dinsos.malangkota.go.id/', 0.010857),
(145, 'Dinas koperaasi dan UKM', 'http://dinkop.malangkota.go.id/', 0.008966),
(146, 'Dinas perhubungan', 'http://dishub.malangkota.go.id/', 0.008384),
(147, 'Dinas pendapatan daerah', 'http://dispenda.malangkota.go.id/', 0.014108),
(148, 'Dinas ketenagakerjaan dan transmigrasi', 'http://disnakertrans.malangkota.go.id/', 0.015861),
(149, 'Dinas kebudayaan dan pariwisata', 'http://budpar.malangkota.go.id/', 0.058252),
(150, 'Dinas perindustrian dan perdagangan', 'http://disperindag.malangkota.go.id/', 0.046413),
(151, 'Dinas kependudukan dan pencatatan sipil', 'http://dispendukcapil.malangkota.go.id/', 0.050598),
(152, 'Dinas kepemudaan dan olahraga', 'http://dispora.malangkota.go.id/', 0.016589),
(153, 'Dinas kebersihan dan pertamanan', 'http://dkp.malangkota.go.id/', 0.041158),
(154, 'Dinas pasar', 'http://pasar.malangkota.go.id/', 0.007733),
(155, 'Dinas pertanian', 'http://pertanian.malangkota.go.id/', 0.023492),
(156, 'Dinas pekerjaan umum, perumahan, dan pengawasan bangunan', 'http://dpuppb.malangkota.go.id/', 0.007299),
(157, 'Satuan polisi pamong praja dan linmas', 'http://satpolpp.malangkota.go.id/', 0.005787),
(158, 'Inspektorat kota malang', 'http://Inspektorat.malangkota.go.id/', 0.015014),
(159, 'Badan keSatuan bangsa dan politik', 'http://bankesbanpol.malangkota.go.id/', 0.03393),
(160, 'Badan keluarga berencana dan pemberdayaan masyarakat (BKBPM)', 'http://bkbpm.malangkota.go.id/', 0.007299),
(161, 'Badan pengelola keuangan dan aset daerah (BPKAD', 'http://bpkad.malangkota.go.id/', 0.022569),
(162, 'Badan kepegawaian daerah (BKD)', 'http://bkd.malangkota.go.id/', 0.034087),
(163, 'Badan Lingkungan Hidup (BLH)', 'http://blh.malangkota.go.id/', 0.007299),
(164, 'Badan perencanaan pembangunan daerah (Bappeda)', 'http://bappeda.malangkota.go.id/', 0.015151),
(165, 'Badan pelayanan terpadu (BP2T)', 'http://perizinan.malangkota.go.id/', 0.040787),
(166, 'Kantor perpustakaan umum dan arsip daerah', 'http://digilib.malangkota.go.id/', 0.069451),
(167, 'Kantor ketahanan pangan', 'http://kkp.malangkota.go.id/', 0.007979),
(168, 'Kecamatan blimbing', 'http://kecblimbing.malangkota.go.id/', 0.007299),
(169, 'Kecamatan lowokwaru', 'http://keclowokwaru.malangkota.go.id/', 0.059893),
(170, 'Kecamatan klojen', 'http://kecklojen.malangkota.go.id/', 0.016742),
(171, 'Kecamatan sukun', 'http://kecsukun.malangkota.go.id/', 0.017906),
(172, 'Kecamatan kedungkandang', 'http://keckedungkandang.malangkota.go.id/', 0.020993);

-- --------------------------------------------------------

--
-- Table structure for table `juri`
--

CREATE TABLE IF NOT EXISTS `juri` (
`id_juri` int(11) NOT NULL,
  `nama` varchar(30) NOT NULL,
  `keterangan` varchar(255) NOT NULL,
  `username` varchar(20) NOT NULL,
  `password` varchar(50) NOT NULL
) ENGINE=InnoDB  DEFAULT CHARSET=latin1 AUTO_INCREMENT=5 ;

--
-- Dumping data for table `juri`
--

INSERT INTO `juri` (`id_juri`, `nama`, `keterangan`, `username`, `password`) VALUES
(1, 'Juri 1', 'misteri', 'juri1', 'juri1'),
(2, 'Juri 2', 'misteri', 'juri2', 'juri2'),
(3, 'Juri 3', 'mostero', 'juri3', 'juri3'),
(4, 'Juri 4', 'Kominfo', 'juri4', 'juri4');

-- --------------------------------------------------------

--
-- Table structure for table `kriteria`
--

CREATE TABLE IF NOT EXISTS `kriteria` (
`id_kriteria` int(11) NOT NULL,
  `nama_kriteria` varchar(100) NOT NULL,
  `bobot` int(11) NOT NULL
) ENGINE=InnoDB  DEFAULT CHARSET=latin1 AUTO_INCREMENT=6 ;

--
-- Dumping data for table `kriteria`
--

INSERT INTO `kriteria` (`id_kriteria`, `nama_kriteria`, `bobot`) VALUES
(1, 'Isi Situs Web', 25),
(2, 'Fitur Situs Web', 25),
(3, 'Layanan Untuk Publik', 30),
(4, 'Kinerja', 15),
(5, 'Inovasi', 10);

-- --------------------------------------------------------

--
-- Table structure for table `nilai_juri`
--

CREATE TABLE IF NOT EXISTS `nilai_juri` (
`id_nilai` int(11) NOT NULL,
  `id_juri` int(11) NOT NULL,
  `id_kriteria` int(11) NOT NULL,
  `id_alternatif` int(11) NOT NULL,
  `nilai` float NOT NULL
) ENGINE=InnoDB  DEFAULT CHARSET=latin1 AUTO_INCREMENT=949 ;

--
-- Dumping data for table `nilai_juri`
--

INSERT INTO `nilai_juri` (`id_nilai`, `id_juri`, `id_kriteria`, `id_alternatif`, `nilai`) VALUES
(129, 1, 1, 132, 15),
(130, 1, 2, 132, 20),
(131, 1, 3, 132, 20),
(132, 1, 4, 132, 15),
(133, 1, 5, 132, 13),
(134, 1, 1, 133, 10),
(135, 1, 2, 133, 10),
(136, 1, 3, 133, 10),
(137, 1, 4, 133, 10),
(138, 1, 5, 133, 10),
(139, 1, 1, 134, 50),
(140, 1, 2, 134, 60),
(141, 1, 3, 134, 60),
(142, 1, 4, 134, 45),
(143, 1, 5, 134, 40),
(144, 1, 1, 135, 55),
(145, 1, 2, 135, 65),
(146, 1, 3, 135, 62),
(147, 1, 4, 135, 53),
(148, 1, 5, 135, 59),
(149, 1, 1, 136, 10),
(150, 1, 2, 136, 10),
(151, 1, 3, 136, 20),
(152, 1, 4, 136, 10),
(153, 1, 5, 136, 10),
(154, 1, 1, 137, 55),
(155, 1, 2, 137, 70),
(156, 1, 3, 137, 65),
(157, 1, 4, 137, 54),
(158, 1, 5, 137, 61),
(159, 1, 1, 138, 50),
(160, 1, 2, 138, 25),
(161, 1, 3, 138, 52),
(162, 1, 4, 138, 33),
(163, 1, 5, 138, 42),
(164, 1, 1, 139, 15),
(165, 1, 2, 139, 20),
(166, 1, 3, 139, 20),
(167, 1, 4, 139, 15),
(168, 1, 5, 139, 13),
(169, 1, 1, 140, 15),
(170, 1, 2, 140, 20),
(171, 1, 3, 140, 20),
(172, 1, 4, 140, 15),
(173, 1, 5, 140, 13),
(174, 1, 1, 141, 0),
(175, 1, 2, 141, 0),
(176, 1, 3, 141, 0),
(177, 1, 4, 141, 0),
(178, 1, 5, 141, 0),
(179, 1, 1, 142, 68),
(180, 1, 2, 142, 60),
(181, 1, 3, 142, 74),
(182, 1, 4, 142, 63),
(183, 1, 5, 142, 88),
(184, 1, 1, 143, 73),
(185, 1, 2, 143, 68),
(186, 1, 3, 143, 85),
(187, 1, 4, 143, 80),
(188, 1, 5, 143, 58),
(189, 1, 1, 144, 28),
(190, 1, 2, 144, 20),
(191, 1, 3, 144, 35),
(192, 1, 4, 144, 23),
(193, 1, 5, 144, 25),
(194, 1, 1, 145, 0),
(195, 1, 2, 145, 0),
(196, 1, 3, 145, 0),
(197, 1, 4, 145, 0),
(198, 1, 5, 145, 0),
(199, 1, 1, 146, 10),
(200, 1, 2, 146, 10),
(201, 1, 3, 146, 10),
(202, 1, 4, 146, 10),
(203, 1, 5, 146, 10),
(204, 1, 1, 147, 46),
(205, 1, 2, 147, 40),
(206, 1, 3, 147, 63),
(207, 1, 4, 147, 48),
(208, 1, 5, 147, 47),
(209, 1, 1, 148, 42),
(210, 1, 2, 148, 30),
(211, 1, 3, 148, 52),
(212, 1, 4, 148, 40),
(213, 1, 5, 148, 37),
(214, 1, 1, 149, 76),
(215, 1, 2, 149, 80),
(216, 1, 3, 149, 80),
(217, 1, 4, 149, 74),
(218, 1, 5, 149, 57),
(219, 1, 1, 150, 79),
(220, 1, 2, 150, 70),
(221, 1, 3, 150, 81),
(222, 1, 4, 150, 75),
(223, 1, 5, 150, 70),
(224, 1, 1, 151, 65),
(225, 1, 2, 151, 50),
(226, 1, 3, 151, 78),
(227, 1, 4, 151, 59),
(228, 1, 5, 151, 59),
(229, 1, 1, 152, 30),
(230, 1, 2, 152, 25),
(231, 1, 3, 152, 48),
(232, 1, 4, 152, 36),
(233, 1, 5, 152, 30),
(234, 1, 1, 153, 50),
(235, 1, 2, 153, 40),
(236, 1, 3, 153, 58),
(237, 1, 4, 153, 47),
(238, 1, 5, 153, 55),
(239, 1, 1, 154, 15),
(240, 1, 2, 154, 10),
(241, 1, 3, 154, 10),
(242, 1, 4, 154, 10),
(243, 1, 5, 154, 10),
(244, 1, 1, 155, 52),
(245, 1, 2, 155, 30),
(246, 1, 3, 155, 49),
(247, 1, 4, 155, 44),
(248, 1, 5, 155, 45),
(249, 1, 1, 156, 10),
(250, 1, 2, 156, 10),
(251, 1, 3, 156, 10),
(252, 1, 4, 156, 10),
(253, 1, 5, 156, 10),
(254, 1, 1, 157, 10),
(255, 1, 2, 157, 10),
(256, 1, 3, 157, 10),
(257, 1, 4, 157, 10),
(258, 1, 5, 157, 10),
(259, 1, 1, 158, 35),
(260, 1, 2, 158, 30),
(261, 1, 3, 158, 30),
(262, 1, 4, 158, 28),
(263, 1, 5, 158, 34),
(264, 1, 1, 159, 55),
(265, 1, 2, 159, 50),
(266, 1, 3, 159, 58),
(267, 1, 4, 159, 48),
(268, 1, 5, 159, 39),
(269, 1, 1, 160, 10),
(270, 1, 2, 160, 10),
(271, 1, 3, 160, 10),
(272, 1, 4, 160, 10),
(273, 1, 5, 160, 10),
(274, 1, 1, 161, 38),
(275, 1, 2, 161, 25),
(276, 1, 3, 161, 50),
(277, 1, 4, 161, 33),
(278, 1, 5, 161, 40),
(279, 1, 1, 162, 50),
(280, 1, 2, 162, 50),
(281, 1, 3, 162, 60),
(282, 1, 4, 162, 49),
(283, 1, 5, 162, 53),
(284, 1, 1, 163, 10),
(285, 1, 2, 163, 10),
(286, 1, 3, 163, 10),
(287, 1, 4, 163, 10),
(288, 1, 5, 163, 10),
(289, 1, 1, 164, 33),
(290, 1, 2, 164, 30),
(291, 1, 3, 164, 30),
(292, 1, 4, 164, 28),
(293, 1, 5, 164, 29),
(294, 1, 1, 165, 57),
(295, 1, 2, 165, 67),
(296, 1, 3, 165, 82),
(297, 1, 4, 165, 66),
(298, 1, 5, 165, 58),
(299, 1, 1, 166, 77),
(300, 1, 2, 166, 70),
(301, 1, 3, 166, 75),
(302, 1, 4, 166, 78),
(303, 1, 5, 166, 65),
(304, 1, 1, 167, 15),
(305, 1, 2, 167, 10),
(306, 1, 3, 167, 10),
(307, 1, 4, 167, 15),
(308, 1, 5, 167, 10),
(309, 1, 1, 168, 10),
(310, 1, 2, 168, 10),
(311, 1, 3, 168, 10),
(312, 1, 4, 168, 10),
(313, 1, 5, 168, 10),
(314, 1, 1, 169, 65),
(315, 1, 2, 169, 60),
(316, 1, 3, 169, 70),
(317, 1, 4, 169, 63),
(318, 1, 5, 169, 63),
(319, 1, 1, 170, 39),
(320, 1, 2, 170, 30),
(321, 1, 3, 170, 50),
(322, 1, 4, 170, 38),
(323, 1, 5, 170, 35),
(324, 1, 1, 171, 20),
(325, 1, 2, 171, 10),
(326, 1, 3, 171, 10),
(327, 1, 4, 171, 10),
(328, 1, 5, 171, 15),
(329, 1, 1, 172, 28),
(330, 1, 2, 172, 30),
(331, 1, 3, 172, 35),
(332, 1, 4, 172, 35),
(333, 1, 5, 172, 29),
(334, 2, 1, 132, 50),
(335, 2, 2, 132, 10),
(336, 2, 3, 132, 10),
(337, 2, 4, 132, 10),
(338, 2, 5, 132, 10),
(339, 2, 1, 133, 50),
(340, 2, 2, 133, 10),
(341, 2, 3, 133, 10),
(342, 2, 4, 133, 10),
(343, 2, 5, 133, 10),
(344, 2, 1, 134, 60),
(345, 2, 2, 134, 10),
(346, 2, 3, 134, 10),
(347, 2, 4, 134, 35),
(348, 2, 5, 134, 10),
(349, 2, 1, 135, 75),
(350, 2, 2, 135, 10),
(351, 2, 3, 135, 80),
(352, 2, 4, 135, 80),
(353, 2, 5, 135, 28),
(354, 2, 1, 136, 0),
(355, 2, 2, 136, 0),
(356, 2, 3, 136, 0),
(357, 2, 4, 136, 0),
(358, 2, 5, 136, 0),
(359, 2, 1, 137, 45),
(360, 2, 2, 137, 10),
(361, 2, 3, 137, 80),
(362, 2, 4, 137, 45),
(363, 2, 5, 137, 10),
(364, 2, 1, 138, 60),
(365, 2, 2, 138, 10),
(366, 2, 3, 138, 10),
(367, 2, 4, 138, 35),
(368, 2, 5, 138, 10),
(369, 2, 1, 139, 50),
(370, 2, 2, 139, 10),
(371, 2, 3, 139, 10),
(372, 2, 4, 139, 10),
(373, 2, 5, 139, 10),
(374, 2, 1, 140, 50),
(375, 2, 2, 140, 10),
(376, 2, 3, 140, 10),
(377, 2, 4, 140, 10),
(378, 2, 5, 140, 10),
(379, 2, 1, 141, 50),
(380, 2, 2, 141, 10),
(381, 2, 3, 141, 10),
(382, 2, 4, 141, 10),
(383, 2, 5, 141, 10),
(384, 2, 1, 142, 75),
(385, 2, 2, 142, 10),
(386, 2, 3, 142, 80),
(387, 2, 4, 142, 85),
(388, 2, 5, 142, 28),
(389, 2, 1, 143, 75),
(390, 2, 2, 143, 10),
(391, 2, 3, 143, 80),
(392, 2, 4, 143, 85),
(393, 2, 5, 143, 78),
(394, 2, 1, 144, 50),
(395, 2, 2, 144, 10),
(396, 2, 3, 144, 10),
(397, 2, 4, 144, 10),
(398, 2, 5, 144, 10),
(399, 2, 1, 145, 0),
(400, 2, 2, 145, 0),
(401, 2, 3, 145, 0),
(402, 2, 4, 145, 0),
(403, 2, 5, 145, 0),
(404, 2, 1, 146, 50),
(405, 2, 2, 146, 10),
(406, 2, 3, 146, 10),
(407, 2, 4, 146, 10),
(408, 2, 5, 146, 10),
(409, 2, 1, 147, 50),
(410, 2, 2, 147, 10),
(411, 2, 3, 147, 10),
(412, 2, 4, 147, 10),
(413, 2, 5, 147, 38),
(414, 2, 1, 148, 50),
(415, 2, 2, 148, 10),
(416, 2, 3, 148, 10),
(417, 2, 4, 148, 10),
(418, 2, 5, 148, 10),
(419, 2, 1, 149, 45),
(420, 2, 2, 149, 30),
(421, 2, 3, 149, 80),
(422, 2, 4, 149, 75),
(423, 2, 5, 149, 10),
(424, 2, 1, 150, 45),
(425, 2, 2, 150, 10),
(426, 2, 3, 150, 80),
(427, 2, 4, 150, 45),
(428, 2, 5, 150, 28),
(429, 2, 1, 151, 45),
(430, 2, 2, 151, 10),
(431, 2, 3, 151, 80),
(432, 2, 4, 151, 45),
(433, 2, 5, 151, 75),
(434, 2, 1, 152, 50),
(435, 2, 2, 152, 10),
(436, 2, 3, 152, 10),
(437, 2, 4, 152, 10),
(438, 2, 5, 152, 10),
(439, 2, 1, 153, 45),
(440, 2, 2, 153, 10),
(441, 2, 3, 153, 80),
(442, 2, 4, 153, 45),
(443, 2, 5, 153, 73),
(444, 2, 1, 154, 50),
(445, 2, 2, 154, 10),
(446, 2, 3, 154, 10),
(447, 2, 4, 154, 10),
(448, 2, 5, 154, 10),
(449, 2, 1, 155, 70),
(450, 2, 2, 155, 10),
(451, 2, 3, 155, 10),
(452, 2, 4, 155, 10),
(453, 2, 5, 155, 25),
(454, 2, 1, 156, 50),
(455, 2, 2, 156, 10),
(456, 2, 3, 156, 10),
(457, 2, 4, 156, 10),
(458, 2, 5, 156, 10),
(459, 2, 1, 157, 0),
(460, 2, 2, 157, 0),
(461, 2, 3, 157, 0),
(462, 2, 4, 157, 0),
(463, 2, 5, 157, 0),
(464, 2, 1, 158, 50),
(465, 2, 2, 158, 10),
(466, 2, 3, 158, 10),
(467, 2, 4, 158, 10),
(468, 2, 5, 158, 10),
(469, 2, 1, 159, 60),
(470, 2, 2, 159, 10),
(471, 2, 3, 159, 10),
(472, 2, 4, 159, 10),
(473, 2, 5, 159, 10),
(474, 2, 1, 160, 50),
(475, 2, 2, 160, 10),
(476, 2, 3, 160, 10),
(477, 2, 4, 160, 10),
(478, 2, 5, 160, 10),
(479, 2, 1, 161, 70),
(480, 2, 2, 161, 10),
(481, 2, 3, 161, 10),
(482, 2, 4, 161, 10),
(483, 2, 5, 161, 40),
(484, 2, 1, 162, 75),
(485, 2, 2, 162, 10),
(486, 2, 3, 162, 50),
(487, 2, 4, 162, 60),
(488, 2, 5, 162, 10),
(489, 2, 1, 163, 50),
(490, 2, 2, 163, 10),
(491, 2, 3, 163, 10),
(492, 2, 4, 163, 10),
(493, 2, 5, 163, 10),
(494, 2, 1, 164, 65),
(495, 2, 2, 164, 10),
(496, 2, 3, 164, 10),
(497, 2, 4, 164, 10),
(498, 2, 5, 164, 10),
(499, 2, 1, 165, 80),
(500, 2, 2, 165, 20),
(501, 2, 3, 165, 70),
(502, 2, 4, 165, 75),
(503, 2, 5, 165, 10),
(504, 2, 1, 166, 80),
(505, 2, 2, 166, 20),
(506, 2, 3, 166, 80),
(507, 2, 4, 166, 85),
(508, 2, 5, 166, 80),
(509, 2, 1, 167, 50),
(510, 2, 2, 167, 10),
(511, 2, 3, 167, 10),
(512, 2, 4, 167, 10),
(513, 2, 5, 167, 10),
(514, 2, 1, 168, 50),
(515, 2, 2, 168, 10),
(516, 2, 3, 168, 10),
(517, 2, 4, 168, 10),
(518, 2, 5, 168, 10),
(519, 2, 1, 169, 80),
(520, 2, 2, 169, 35),
(521, 2, 3, 169, 80),
(522, 2, 4, 169, 70),
(523, 2, 5, 169, 75),
(524, 2, 1, 170, 60),
(525, 2, 2, 170, 10),
(526, 2, 3, 170, 10),
(527, 2, 4, 170, 10),
(528, 2, 5, 170, 10),
(529, 2, 1, 171, 60),
(530, 2, 2, 171, 10),
(531, 2, 3, 171, 10),
(532, 2, 4, 171, 10),
(533, 2, 5, 171, 10),
(534, 2, 1, 172, 60),
(535, 2, 2, 172, 10),
(536, 2, 3, 172, 10),
(537, 2, 4, 172, 10),
(538, 2, 5, 172, 43),
(539, 3, 1, 132, 45),
(540, 3, 2, 132, 40),
(541, 3, 3, 132, 50),
(542, 3, 4, 132, 45),
(543, 3, 5, 132, 48),
(544, 3, 1, 133, 45),
(545, 3, 2, 133, 40),
(546, 3, 3, 133, 40),
(547, 3, 4, 133, 40),
(548, 3, 5, 133, 43),
(549, 3, 1, 134, 40),
(550, 3, 2, 134, 40),
(551, 3, 3, 134, 40),
(552, 3, 4, 134, 40),
(553, 3, 5, 134, 40),
(554, 3, 1, 135, 73),
(555, 3, 2, 135, 60),
(556, 3, 3, 135, 80),
(557, 3, 4, 135, 70),
(558, 3, 5, 135, 58),
(559, 3, 1, 136, 40),
(560, 3, 2, 136, 40),
(561, 3, 3, 136, 40),
(562, 3, 4, 136, 40),
(563, 3, 5, 136, 40),
(564, 3, 1, 137, 83),
(565, 3, 2, 137, 60),
(566, 3, 3, 137, 85),
(567, 3, 4, 137, 73),
(568, 3, 5, 137, 66),
(569, 3, 1, 138, 50),
(570, 3, 2, 138, 40),
(571, 3, 3, 138, 50),
(572, 3, 4, 138, 45),
(573, 3, 5, 138, 40),
(574, 3, 1, 139, 40),
(575, 3, 2, 139, 40),
(576, 3, 3, 139, 40),
(577, 3, 4, 139, 40),
(578, 3, 5, 139, 40),
(579, 3, 1, 140, 40),
(580, 3, 2, 140, 40),
(581, 3, 3, 140, 40),
(582, 3, 4, 140, 40),
(583, 3, 5, 140, 40),
(584, 3, 1, 141, 40),
(585, 3, 2, 141, 40),
(586, 3, 3, 141, 40),
(587, 3, 4, 141, 40),
(588, 3, 5, 141, 40),
(589, 3, 1, 142, 70),
(590, 3, 2, 142, 50),
(591, 3, 3, 142, 75),
(592, 3, 4, 142, 60),
(593, 3, 5, 142, 63),
(594, 3, 1, 143, 80),
(595, 3, 2, 143, 70),
(596, 3, 3, 143, 75),
(597, 3, 4, 143, 68),
(598, 3, 5, 143, 73),
(599, 3, 1, 144, 40),
(600, 3, 2, 144, 40),
(601, 3, 3, 144, 40),
(602, 3, 4, 144, 40),
(603, 3, 5, 144, 40),
(604, 3, 1, 145, 30),
(605, 3, 2, 145, 30),
(606, 3, 3, 145, 30),
(607, 3, 4, 145, 30),
(608, 3, 5, 145, 30),
(609, 3, 1, 146, 40),
(610, 3, 2, 146, 40),
(611, 3, 3, 146, 40),
(612, 3, 4, 146, 40),
(613, 3, 5, 146, 40),
(614, 3, 1, 147, 40),
(615, 3, 2, 147, 40),
(616, 3, 3, 147, 40),
(617, 3, 4, 147, 40),
(618, 3, 5, 147, 40),
(619, 3, 1, 148, 65),
(620, 3, 2, 148, 60),
(621, 3, 3, 148, 60),
(622, 3, 4, 148, 60),
(623, 3, 5, 148, 50),
(624, 3, 1, 149, 85),
(625, 3, 2, 149, 80),
(626, 3, 3, 149, 60),
(627, 3, 4, 149, 60),
(628, 3, 5, 149, 73),
(629, 3, 1, 150, 70),
(630, 3, 2, 150, 50),
(631, 3, 3, 150, 70),
(632, 3, 4, 150, 65),
(633, 3, 5, 150, 60),
(634, 3, 1, 151, 68),
(635, 3, 2, 151, 70),
(636, 3, 3, 151, 75),
(637, 3, 4, 151, 65),
(638, 3, 5, 151, 73),
(639, 3, 1, 152, 40),
(640, 3, 2, 152, 40),
(641, 3, 3, 152, 40),
(642, 3, 4, 152, 40),
(643, 3, 5, 152, 40),
(644, 3, 1, 153, 73),
(645, 3, 2, 153, 70),
(646, 3, 3, 153, 75),
(647, 3, 4, 153, 60),
(648, 3, 5, 153, 53),
(649, 3, 1, 154, 40),
(650, 3, 2, 154, 40),
(651, 3, 3, 154, 40),
(652, 3, 4, 154, 40),
(653, 3, 5, 154, 40),
(654, 3, 1, 155, 73),
(655, 3, 2, 155, 60),
(656, 3, 3, 155, 60),
(657, 3, 4, 155, 60),
(658, 3, 5, 155, 63),
(659, 3, 1, 156, 40),
(660, 3, 2, 156, 40),
(661, 3, 3, 156, 40),
(662, 3, 4, 156, 40),
(663, 3, 5, 156, 40),
(664, 3, 1, 157, 40),
(665, 3, 2, 157, 40),
(666, 3, 3, 157, 40),
(667, 3, 4, 157, 40),
(668, 3, 5, 157, 40),
(669, 3, 1, 158, 40),
(670, 3, 2, 158, 40),
(671, 3, 3, 158, 40),
(672, 3, 4, 158, 40),
(673, 3, 5, 158, 40),
(674, 3, 1, 159, 80),
(675, 3, 2, 159, 60),
(676, 3, 3, 159, 80),
(677, 3, 4, 159, 70),
(678, 3, 5, 159, 61),
(679, 3, 1, 160, 40),
(680, 3, 2, 160, 40),
(681, 3, 3, 160, 40),
(682, 3, 4, 160, 40),
(683, 3, 5, 160, 40),
(684, 3, 1, 161, 45),
(685, 3, 2, 161, 80),
(686, 3, 3, 161, 70),
(687, 3, 4, 161, 53),
(688, 3, 5, 161, 55),
(689, 3, 1, 162, 55),
(690, 3, 2, 162, 50),
(691, 3, 3, 162, 50),
(692, 3, 4, 162, 55),
(693, 3, 5, 162, 50),
(694, 3, 1, 163, 40),
(695, 3, 2, 163, 40),
(696, 3, 3, 163, 40),
(697, 3, 4, 163, 40),
(698, 3, 5, 163, 40),
(699, 3, 1, 164, 40),
(700, 3, 2, 164, 40),
(701, 3, 3, 164, 40),
(702, 3, 4, 164, 40),
(703, 3, 5, 164, 40),
(704, 3, 1, 165, 40),
(705, 3, 2, 165, 40),
(706, 3, 3, 165, 40),
(707, 3, 4, 165, 40),
(708, 3, 5, 165, 40),
(709, 3, 1, 166, 85),
(710, 3, 2, 166, 85),
(711, 3, 3, 166, 85),
(712, 3, 4, 166, 73),
(713, 3, 5, 166, 73),
(714, 3, 1, 167, 40),
(715, 3, 2, 167, 40),
(716, 3, 3, 167, 40),
(717, 3, 4, 167, 40),
(718, 3, 5, 167, 40),
(719, 3, 1, 168, 40),
(720, 3, 2, 168, 40),
(721, 3, 3, 168, 40),
(722, 3, 4, 168, 40),
(723, 3, 5, 168, 40),
(724, 3, 1, 169, 83),
(725, 3, 2, 169, 80),
(726, 3, 3, 169, 85),
(727, 3, 4, 169, 73),
(728, 3, 5, 169, 73),
(729, 3, 1, 170, 45),
(730, 3, 2, 170, 40),
(731, 3, 3, 170, 50),
(732, 3, 4, 170, 45),
(733, 3, 5, 170, 40),
(734, 3, 1, 171, 40),
(735, 3, 2, 171, 50),
(736, 3, 3, 171, 40),
(737, 3, 4, 171, 50),
(738, 3, 5, 171, 43),
(739, 3, 1, 172, 63),
(740, 3, 2, 172, 70),
(741, 3, 3, 172, 70),
(742, 3, 4, 172, 55),
(743, 3, 5, 172, 40),
(744, 4, 1, 132, 10),
(745, 4, 2, 132, 10),
(746, 4, 3, 132, 10),
(747, 4, 4, 132, 10),
(748, 4, 5, 132, 10),
(749, 4, 1, 133, 10),
(750, 4, 2, 133, 10),
(751, 4, 3, 133, 10),
(752, 4, 4, 133, 10),
(753, 4, 5, 133, 10),
(754, 4, 1, 134, 55),
(755, 4, 2, 134, 50),
(756, 4, 3, 134, 75),
(757, 4, 4, 134, 60),
(758, 4, 5, 134, 10),
(759, 4, 1, 135, 65),
(760, 4, 2, 135, 30),
(761, 4, 3, 135, 70),
(762, 4, 4, 135, 35),
(763, 4, 5, 135, 10),
(764, 4, 1, 136, 30),
(765, 4, 2, 136, 50),
(766, 4, 3, 136, 10),
(767, 4, 4, 136, 25),
(768, 4, 5, 136, 10),
(769, 4, 1, 137, 80),
(770, 4, 2, 137, 70),
(771, 4, 3, 137, 80),
(772, 4, 4, 137, 65),
(773, 4, 5, 137, 10),
(774, 4, 1, 138, 68),
(775, 4, 2, 138, 50),
(776, 4, 3, 138, 70),
(777, 4, 4, 138, 55),
(778, 4, 5, 138, 10),
(779, 4, 1, 139, 10),
(780, 4, 2, 139, 10),
(781, 4, 3, 139, 10),
(782, 4, 4, 139, 10),
(783, 4, 5, 139, 10),
(784, 4, 1, 140, 10),
(785, 4, 2, 140, 10),
(786, 4, 3, 140, 10),
(787, 4, 4, 140, 10),
(788, 4, 5, 140, 10),
(789, 4, 1, 141, 10),
(790, 4, 2, 141, 10),
(791, 4, 3, 141, 10),
(792, 4, 4, 141, 10),
(793, 4, 5, 141, 10),
(794, 4, 1, 142, 68),
(795, 4, 2, 142, 70),
(796, 4, 3, 142, 70),
(797, 4, 4, 142, 68),
(798, 4, 5, 142, 72),
(799, 4, 1, 143, 75),
(800, 4, 2, 143, 70),
(801, 4, 3, 143, 85),
(802, 4, 4, 143, 78),
(803, 4, 5, 143, 34),
(804, 4, 1, 144, 10),
(805, 4, 2, 144, 10),
(806, 4, 3, 144, 10),
(807, 4, 4, 144, 10),
(808, 4, 5, 144, 10),
(809, 4, 1, 145, 60),
(810, 4, 2, 145, 50),
(811, 4, 3, 145, 70),
(812, 4, 4, 145, 45),
(813, 4, 5, 145, 10),
(814, 4, 1, 146, 10),
(815, 4, 2, 146, 30),
(816, 4, 3, 146, 10),
(817, 4, 4, 146, 10),
(818, 4, 5, 146, 10),
(819, 4, 1, 147, 10),
(820, 4, 2, 147, 10),
(821, 4, 3, 147, 10),
(822, 4, 4, 147, 10),
(823, 4, 5, 147, 10),
(824, 4, 1, 148, 10),
(825, 4, 2, 148, 10),
(826, 4, 3, 148, 10),
(827, 4, 4, 148, 10),
(828, 4, 5, 148, 10),
(829, 4, 1, 149, 80),
(830, 4, 2, 149, 80),
(831, 4, 3, 149, 80),
(832, 4, 4, 149, 78),
(833, 4, 5, 149, 10),
(834, 4, 1, 150, 70),
(835, 4, 2, 150, 60),
(836, 4, 3, 150, 70),
(837, 4, 4, 150, 60),
(838, 4, 5, 150, 20),
(839, 4, 1, 151, 73),
(840, 4, 2, 151, 75),
(841, 4, 3, 151, 80),
(842, 4, 4, 151, 73),
(843, 4, 5, 151, 35),
(844, 4, 1, 152, 40),
(845, 4, 2, 152, 40),
(846, 4, 3, 152, 50),
(847, 4, 4, 152, 40),
(848, 4, 5, 152, 10),
(849, 4, 1, 153, 75),
(850, 4, 2, 153, 75),
(851, 4, 3, 153, 70),
(852, 4, 4, 153, 75),
(853, 4, 5, 153, 32),
(854, 4, 1, 154, 10),
(855, 4, 2, 154, 10),
(856, 4, 3, 154, 10),
(857, 4, 4, 154, 10),
(858, 4, 5, 154, 10),
(859, 4, 1, 155, 55),
(860, 4, 2, 155, 10),
(861, 4, 3, 155, 60),
(862, 4, 4, 155, 30),
(863, 4, 5, 155, 10),
(864, 4, 1, 156, 10),
(865, 4, 2, 156, 10),
(866, 4, 3, 156, 10),
(867, 4, 4, 156, 10),
(868, 4, 5, 156, 10),
(869, 4, 1, 157, 10),
(870, 4, 2, 157, 10),
(871, 4, 3, 157, 10),
(872, 4, 4, 157, 10),
(873, 4, 5, 157, 10),
(874, 4, 1, 158, 45),
(875, 4, 2, 158, 30),
(876, 4, 3, 158, 50),
(877, 4, 4, 158, 35),
(878, 4, 5, 158, 10),
(879, 4, 1, 159, 73),
(880, 4, 2, 159, 70),
(881, 4, 3, 159, 70),
(882, 4, 4, 159, 68),
(883, 4, 5, 159, 10),
(884, 4, 1, 160, 10),
(885, 4, 2, 160, 10),
(886, 4, 3, 160, 10),
(887, 4, 4, 160, 10),
(888, 4, 5, 160, 10),
(889, 4, 1, 161, 50),
(890, 4, 2, 161, 30),
(891, 4, 3, 161, 50),
(892, 4, 4, 161, 25),
(893, 4, 5, 161, 26),
(894, 4, 1, 162, 70),
(895, 4, 2, 162, 75),
(896, 4, 3, 162, 75),
(897, 4, 4, 162, 65),
(898, 4, 5, 162, 18),
(899, 4, 1, 163, 10),
(900, 4, 2, 163, 10),
(901, 4, 3, 163, 10),
(902, 4, 4, 163, 10),
(903, 4, 5, 163, 10),
(904, 4, 1, 164, 50),
(905, 4, 2, 164, 25),
(906, 4, 3, 164, 50),
(907, 4, 4, 164, 35),
(908, 4, 5, 164, 10),
(909, 4, 1, 165, 70),
(910, 4, 2, 165, 80),
(911, 4, 3, 165, 85),
(912, 4, 4, 165, 70),
(913, 4, 5, 165, 25),
(914, 4, 1, 166, 83),
(915, 4, 2, 166, 75),
(916, 4, 3, 166, 80),
(917, 4, 4, 166, 75),
(918, 4, 5, 166, 30),
(919, 4, 1, 167, 10),
(920, 4, 2, 167, 10),
(921, 4, 3, 167, 10),
(922, 4, 4, 167, 10),
(923, 4, 5, 167, 10),
(924, 4, 1, 168, 10),
(925, 4, 2, 168, 10),
(926, 4, 3, 168, 10),
(927, 4, 4, 168, 10),
(928, 4, 5, 168, 10),
(929, 4, 1, 169, 73),
(930, 4, 2, 169, 70),
(931, 4, 3, 169, 70),
(932, 4, 4, 169, 65),
(933, 4, 5, 169, 36),
(934, 4, 1, 170, 40),
(935, 4, 2, 170, 30),
(936, 4, 3, 170, 30),
(937, 4, 4, 170, 35),
(938, 4, 5, 170, 10),
(939, 4, 1, 171, 68),
(940, 4, 2, 171, 60),
(941, 4, 3, 171, 75),
(942, 4, 4, 171, 65),
(943, 4, 5, 171, 10),
(944, 4, 1, 172, 55),
(945, 4, 2, 172, 30),
(946, 4, 3, 172, 40),
(947, 4, 4, 172, 35),
(948, 4, 5, 172, 34);

-- --------------------------------------------------------

--
-- Table structure for table `rule`
--

CREATE TABLE IF NOT EXISTS `rule` (
`id_rule` int(11) NOT NULL,
  `batas_awal` float DEFAULT NULL,
  `batas_akhir` float DEFAULT NULL,
  `bobot` float DEFAULT NULL
) ENGINE=InnoDB  DEFAULT CHARSET=latin1 AUTO_INCREMENT=18 ;

--
-- Dumping data for table `rule`
--

INSERT INTO `rule` (`id_rule`, `batas_awal`, `batas_akhir`, `bobot`) VALUES
(0, -12.01, -24, 0.33),
(1, 0, 0, 1),
(2, 0.01, 12, 2),
(3, 12.01, 24, 3),
(4, 24.01, 36, 4),
(5, 36.01, 48, 5),
(6, 48.01, 60, 6),
(7, 60.01, 72, 7),
(8, 72.01, 84, 8),
(9, 84.01, 100, 9),
(10, -0.01, -12, 0.5),
(12, -24.01, -36, 0.25),
(13, -36.01, -48, 0.2),
(14, -48.01, -60, 0.17),
(15, -60.01, -72, 0.14),
(16, -72.01, -84, 0.13),
(17, -84.01, -100, 0.11);

--
-- Indexes for dumped tables
--

--
-- Indexes for table `alternatif`
--
ALTER TABLE `alternatif`
 ADD PRIMARY KEY (`id_alternatif`);

--
-- Indexes for table `juri`
--
ALTER TABLE `juri`
 ADD PRIMARY KEY (`id_juri`), ADD UNIQUE KEY `username` (`username`);

--
-- Indexes for table `kriteria`
--
ALTER TABLE `kriteria`
 ADD PRIMARY KEY (`id_kriteria`);

--
-- Indexes for table `nilai_juri`
--
ALTER TABLE `nilai_juri`
 ADD PRIMARY KEY (`id_nilai`), ADD KEY `id_juri` (`id_juri`), ADD KEY `id_kriteria` (`id_kriteria`), ADD KEY `id_alternatif` (`id_alternatif`);

--
-- Indexes for table `rule`
--
ALTER TABLE `rule`
 ADD PRIMARY KEY (`id_rule`);

--
-- AUTO_INCREMENT for dumped tables
--

--
-- AUTO_INCREMENT for table `alternatif`
--
ALTER TABLE `alternatif`
MODIFY `id_alternatif` int(11) NOT NULL AUTO_INCREMENT,AUTO_INCREMENT=173;
--
-- AUTO_INCREMENT for table `juri`
--
ALTER TABLE `juri`
MODIFY `id_juri` int(11) NOT NULL AUTO_INCREMENT,AUTO_INCREMENT=5;
--
-- AUTO_INCREMENT for table `kriteria`
--
ALTER TABLE `kriteria`
MODIFY `id_kriteria` int(11) NOT NULL AUTO_INCREMENT,AUTO_INCREMENT=6;
--
-- AUTO_INCREMENT for table `nilai_juri`
--
ALTER TABLE `nilai_juri`
MODIFY `id_nilai` int(11) NOT NULL AUTO_INCREMENT,AUTO_INCREMENT=949;
--
-- AUTO_INCREMENT for table `rule`
--
ALTER TABLE `rule`
MODIFY `id_rule` int(11) NOT NULL AUTO_INCREMENT,AUTO_INCREMENT=18;
--
-- Constraints for dumped tables
--

--
-- Constraints for table `nilai_juri`
--
ALTER TABLE `nilai_juri`
ADD CONSTRAINT `alternatif` FOREIGN KEY (`id_alternatif`) REFERENCES `alternatif` (`id_alternatif`) ON DELETE CASCADE ON UPDATE CASCADE,
ADD CONSTRAINT `juri` FOREIGN KEY (`id_juri`) REFERENCES `juri` (`id_juri`) ON DELETE CASCADE ON UPDATE CASCADE,
ADD CONSTRAINT `kriteria` FOREIGN KEY (`id_kriteria`) REFERENCES `kriteria` (`id_kriteria`) ON DELETE CASCADE ON UPDATE CASCADE;

/*!40101 SET CHARACTER_SET_CLIENT=@OLD_CHARACTER_SET_CLIENT */;
/*!40101 SET CHARACTER_SET_RESULTS=@OLD_CHARACTER_SET_RESULTS */;
/*!40101 SET COLLATION_CONNECTION=@OLD_COLLATION_CONNECTION */;
